# Items of brief12-1. Tab-separated: id, type, scope, needs.
G1	rule	all	-
G2	rule	all	-
R1	rule	once	-
R2	rule	once	-
R3	rule	once	-
R4	rule	once	-
R5	rule	once	-
R6	rule	once	-
R7	rule	once	-
R8	rule	once	-
R9	rule	once	-
R10	rule	once	-
E1	output	once	R1
E2	output	once	R2
E3	output	once	R3
E4	output	once	R4
E5	output	once	R5
E6	output	once	R6
E7	output	once	R7
E8	output	once	R8
E9	output	once	R9
E10	output	once	R10
T0	test	all	G1,G2
T1	test	once	R1,R2
T2	test	once	R3,R4,R5
T3	test	once	R6,R7
T4	test	once	R8,R9
T5	test	once	R10
